customer_id,first_name,last_name,email,phone,country,city,address_json
0750550a-5b8a-4e7b-9c65-4599e0d5c59c,Aria,Chen,aria.chen_9822@example.com,,United Kingdom,London,"{""street"": ""264 Unter den Linden"", ""postal_code"": ""SW1A 1AA""}"
fe641f04-d7b7-4d4f-886f-e6899084a8bd,Maya,Patel,maya.patel_8697@example.com,+49-751-191-9016,Germany,Berlin,"{""street"": ""214 Leopoldstrasse"", ""postal_code"": ""10117"", ""state"": ""BE""}"
dbe6138c-843d-4a5a-ac3a-e3b4c8ef9bdb,Ravi,Murphy,ravi.murphy_3551@example.com,+44-582-942-7358,United Kingdom,Edinburgh,"{""street"": ""892 Piccadilly"", ""postal_code"": ""EH2 2DF""}"
b04259a2-c140-4a0a-a400-3273e5ebe4c3,Ivy,Lopez,ivy.lopez_9289@example.com,+49-933-641-2438,Germany,Munich,"{""street"": ""490 King's Rd"", ""postal_code"": ""80331"", ""state"": ""BY""}"
eafcde10-14c5-456d-b384-a60e34c2b4e8,Mateo,Baker,mateo.baker_9142@example.com,,United Kingdom,London,"{""street"": ""218 Princes St"", ""postal_code"": ""SW1A 1AA""}"
4528b8f4-c8a0-4eda-9338-f2d280d3b954,Lina,Davis,lina.davis_8498@example.com,+44-820-573-1840,United Kingdom,Manchester,"{""street"": ""376 Unter den Linden"", ""postal_code"": ""M2 5DB""}"
baef35ad-976d-41dd-9d21-aa26631782e1,Aiden,Davis,aiden.davis_9756@example.com,+49-381-615-3883,Germany,Munich,"{""street"": ""47 Marktplatz"", ""postal_code"": ""80331"", ""state"": ""BY""}"
7efcb22c-9858-43dc-a339-ed1ee70eac7f,Aiden,Khan,aiden.khan_6866@example.com,,Germany,Berlin,"{""street"": ""445 Regent St"", ""postal_code"": ""10117"", ""state"": ""BE""}"
b4080c1d-2e2b-411f-8126-aaec808cf54f,Luca,Ivanov,luca.ivanov_93@example.com,+49-339-635-7640,Germany,Munich,"{""street"": ""215 Queen St"", ""postal_code"": ""80331"", ""state"": ""BY""}"
adea2500-8022-48ca-9799-806c715ff98e,Sofia,Davis,sofia.davis_4221@example.com,+44-982-229-6796,United Kingdom,Edinburgh,"{""street"": ""973 Fleet St"", ""postal_code"": ""EH2 2DF""}"
c2905d24-ccb8-4761-ab41-9ea938ed09d4,Priya,Ivanov,priya.ivanov_2465@example.com,+49-618-227-2580,Germany,Berlin,"{""street"": ""131 Unter den Linden"", ""postal_code"": ""10117"", ""state"": ""BE""}"
b54f10f4-f5a0-4453-aaec-d77069f28849,Aiden,Lopez,aiden.lopez_6716@example.com,,Germany,Hamburg,"{""street"": ""222 King's Rd"", ""postal_code"": ""20095"", ""state"": ""HH""}"
3d3d4dd0-0db6-4b0f-91e3-9d799fe455fa,Noah,Baker,noah.baker_1921@example.com,+44-570-290-2186,United Kingdom,London,"{""street"": ""523 Baker St"", ""postal_code"": ""SW1A 1AA""}"
dcf26dbd-ba67-4d4e-8937-bd347578b9d2,Isla,Ramirez,isla.ramirez_5529@example.com,+49-608-444-7543,Germany,Berlin,"{""street"": ""405 Leopoldstrasse"", ""postal_code"": ""10117"", ""state"": ""BE""}"
d0b947d4-0b37-4b93-8c00-111581c6747c,Kai,Amin,kai.amin_2970@example.com,+49-581-838-7530,Germany,Hamburg,"{""street"": ""799 Speicherstadt"", ""postal_code"": ""20095"", ""state"": ""HH""}"
b0d2a6cb-d705-4b6a-853a-d205df4983e6,Luca,Garcia,luca.garcia_5090@example.com,,Germany,Munich,"{""street"": ""714 King's Rd"", ""postal_code"": ""80331"", ""state"": ""BY""}"
7946753f-83a8-4ab6-bba9-0382028881a5,Noah,Patel,noah.patel_4856@example.com,+49-282-548-7899,Germany,Munich,"{""street"": ""996 Oxford St"", ""postal_code"": ""80331"", ""state"": ""BY""}"
05ca3945-6119-49d2-bf9d-80a43050b7c6,Nina,Singh,nina.singh_5253@example.com,+49-746-230-5207,Germany,Berlin,"{""street"": ""451 Baker St"", ""postal_code"": ""10117"", ""state"": ""BE""}"
6db965d9-46ab-41b6-9711-8bdf56e430be,Ravi,Lopez,ravi.lopez_4626@example.com,+44-894-718-8209,United Kingdom,London,"{""street"": ""209 Maximilianstrasse"", ""postal_code"": ""SW1A 1AA""}"
c98af9b6-2e9c-438b-a9f9-3c38a4c89d37,Sofia,Kim,sofia.kim_71@example.com,+49-911-402-4166,Germany,Hamburg,"{""street"": ""922 Kurfürstendamm"", ""postal_code"": ""20095"", ""state"": ""HH""}"
3f01b0a0-2bd3-4e2d-bb4c-63ae63c167fc,Maya,Williams,maya.williams_3789@example.com,+44-553-772-7551,United Kingdom,Edinburgh,"{""street"": ""13 Marktplatz"", ""postal_code"": ""EH2 2DF""}"
50bfbf91-e380-4ed4-850a-71dd58194335,Kai,Chen,kai.chen_22@example.com,+44-888-865-3742,United Kingdom,Manchester,"{""street"": ""533 Speicherstadt"", ""postal_code"": ""M2 5DB""}"
6ddbfa5f-63c9-4dc7-80a0-5df5317d4481,Maya,Williams,maya.williams_7669@example.com,+49-841-734-5710,Germany,Munich,"{""street"": ""215 High St"", ""postal_code"": ""80331"", ""state"": ""BY""}"
bb186ca8-71c5-499e-a3fa-ea2a711c23c1,Luca,Amin,luca.amin_9512@example.com,,Germany,Berlin,"{""street"": ""69 Leopoldstrasse"", ""postal_code"": ""10117"", ""state"": ""BE""}"
b5d8d881-595d-48c9-968e-3bce604b84de,Ethan,Rossi,ethan.rossi_9634@example.com,+49-398-874-2640,Germany,Hamburg,"{""street"": ""894 Maximilianstrasse"", ""postal_code"": ""20095"", ""state"": ""HH""}"
494a85a0-a0b4-4b1c-85fe-132235528c0a,Aiden,Baker,aiden.baker_7551@example.com,+44-333-557-7373,United Kingdom,London,"{""street"": ""438 Kurfürstendamm"", ""postal_code"": ""SW1A 1AA""}"
8b8e8a36-31e9-45ac-847b-faf68ca3cca9,Maya,Chen,maya.chen_4483@example.com,+49-916-491-4009,Germany,Hamburg,"{""street"": ""856 Fleet St"", ""postal_code"": ""20095"", ""state"": ""HH""}"
b05053e2-c7c2-4ebd-bea7-f81b4ca417c9,Omar,Lopez,omar.lopez_1225@example.com,+44-670-635-1252,United Kingdom,Manchester,"{""street"": ""127 King's Rd"", ""postal_code"": ""M2 5DB""}"
fd1560a9-c02c-424e-affd-d32a9b5eccdd,Lina,Fernandez,lina.fernandez_65@example.com,+44-745-381-1196,United Kingdom,London,"{""street"": ""606 King's Rd"", ""postal_code"": ""SW1A 1AA""}"
36105fe5-0fff-40f1-a3f5-da539600a8ac,Maya,Lopez,maya.lopez_2231@example.com,+44-248-506-1592,United Kingdom,London,"{""street"": ""58 King's Rd"", ""postal_code"": ""SW1A 1AA""}"
165c03bf-95b6-4287-bcd5-173de8b8e8dc,Noah,Rossi,noah.rossi_4787@example.com,,United Kingdom,Manchester,"{""street"": ""459 Queen St"", ""postal_code"": ""M2 5DB""}"
5324724c-7c68-4ef2-9ba2-a0b9e54f0f28,Leo,Garcia,leo.garcia_3089@example.com,,United Kingdom,Edinburgh,"{""street"": ""185 Oxford St"", ""postal_code"": ""EH2 2DF""}"
93cce595-a20d-437c-a8f4-7d4684151a19,Ethan,Amin,ethan.amin_9171@example.com,+49-994-672-3844,Germany,Hamburg,"{""street"": ""728 Princes St"", ""postal_code"": ""20095"", ""state"": ""HH""}"
a0e74441-d4ca-424a-95b9-8dff0376b19e,Kai,Amin,kai.amin_1861@example.com,+44-340-253-9934,United Kingdom,Edinburgh,"{""street"": ""98 Queen St"", ""postal_code"": ""EH2 2DF""}"
be013d83-dea2-430a-a5b8-7b3f26ba9c92,Aria,Lopez,aria.lopez_5799@example.com,+44-934-337-3639,United Kingdom,Manchester,"{""street"": ""358 Queen St"", ""postal_code"": ""M2 5DB""}"
1feeeb0d-ccf1-4199-8c4e-a19d821c5858,Leo,Chen,leo.chen_5038@example.com,,Germany,Hamburg,"{""street"": ""123 Unter den Linden"", ""postal_code"": ""20095"", ""state"": ""HH""}"
4516767d-cb3b-4b84-b388-c1fdd0acaf80,Nina,Nguyen,nina.nguyen_3787@example.com,+44-898-912-2588,United Kingdom,London,"{""street"": ""811 Royal Mile"", ""postal_code"": ""SW1A 1AA""}"
bbe788cc-6b8c-4e51-bb04-8124e117a47b,Ivy,Ivanov,ivy.ivanov_1314@example.com,+44-365-996-3727,United Kingdom,Manchester,"{""street"": ""802 Speicherstadt"", ""postal_code"": ""M2 5DB""}"
b84fcaf1-7977-46ef-b70c-465f9a147dae,Maya,Fernandez,maya.fernandez_9656@example.com,,Germany,Hamburg,"{""street"": ""416 High St"", ""postal_code"": ""20095"", ""state"": ""HH""}"
cfce527f-9508-402d-ba5d-4691b1c61b04,Aiden,Chopra,aiden.chopra_185@example.com,+49-769-402-5753,Germany,Hamburg,"{""street"": ""136 Fleet St"", ""postal_code"": ""20095"", ""state"": ""HH""}"
5c2f315a-a6b9-4d50-af95-b672fe29ab6b,Lina,Ramirez,lina.ramirez_5796@example.com,,United Kingdom,London,"{""street"": ""709 King's Rd"", ""postal_code"": ""SW1A 1AA""}"
6a1d15d6-fe54-4e4d-9d10-61c550cb9a29,Zara,Ramirez,zara.ramirez_6172@example.com,+49-824-332-9978,Germany,Hamburg,"{""street"": ""164 High St"", ""postal_code"": ""20095"", ""state"": ""HH""}"
7d24a95e-3755-4d34-9026-27f5aa546688,Aria,Williams,aria.williams_8394@example.com,+49-993-333-3853,Germany,Hamburg,"{""street"": ""546 Leopoldstrasse"", ""postal_code"": ""20095"", ""state"": ""HH""}"
27ed7918-1587-487a-ba12-93b25bf05976,Sofia,Garcia,sofia.garcia_4257@example.com,,Germany,Berlin,"{""street"": ""590 Marktplatz"", ""postal_code"": ""10117"", ""state"": ""BE""}"
c16b9c68-8fcd-4706-b12c-fd152e1dfe90,Amelia,Murphy,amelia.murphy_471@example.com,+44-334-284-5922,United Kingdom,London,"{""street"": ""72 Oxford St"", ""postal_code"": ""SW1A 1AA""}"
a5056932-e826-403b-98dd-28821685afec,Isla,Williams,isla.williams_2439@example.com,,Germany,Munich,"{""street"": ""669 Queen St"", ""postal_code"": ""80331"", ""state"": ""BY""}"
e9b92c15-0f19-471e-a0c5-4ab4479737f7,Aria,Davis,aria.davis_1213@example.com,,United Kingdom,Manchester,"{""street"": ""248 King's Rd"", ""postal_code"": ""M2 5DB""}"
607cdc42-057e-412d-99ad-09cfa6c7deca,Priya,Khan,priya.khan_1491@example.com,+44-363-338-8940,United Kingdom,London,"{""street"": ""223 Marktplatz"", ""postal_code"": ""SW1A 1AA""}"
5f6315c4-45ff-4a7c-8126-f00b4e6ae87e,Ravi,Chen,ravi.chen_2844@example.com,,United Kingdom,London,"{""street"": ""765 Royal Mile"", ""postal_code"": ""SW1A 1AA""}"
7913e737-f5e7-4a53-a929-48a656c4700c,Maya,Lopez,maya.lopez_8452@example.com,+49-716-991-9900,Germany,Munich,"{""street"": ""89 Royal Mile"", ""postal_code"": ""80331"", ""state"": ""BY""}"
6fe29023-41b3-44d8-be62-2d49e9cc13f0,Nina,Garcia,nina.garcia_6898@example.com,+49-774-174-4958,Germany,Munich,"{""street"": ""266 King's Rd"", ""postal_code"": ""80331"", ""state"": ""BY""}"
10d280ff-7148-44d4-bc11-c5066be5d6c8,Zara,Khan,zara.khan_3099@example.com,,United Kingdom,Manchester,"{""street"": ""652 High St"", ""postal_code"": ""M2 5DB""}"
30a08428-7d00-46f8-b8ad-4c6a4d0443c1,Leo,Ramirez,leo.ramirez_5165@example.com,,Germany,Berlin,"{""street"": ""61 Baker St"", ""postal_code"": ""10117"", ""state"": ""BE""}"
d9fe9649-7824-4bf8-bd7f-3ead50c1f854,Maya,Baker,maya.baker_167@example.com,+49-502-300-6972,Germany,Munich,"{""street"": ""126 Kurfürstendamm"", ""postal_code"": ""80331"", ""state"": ""BY""}"
9dba61a9-8479-4525-b9a5-ce4bb9eecbb7,Aria,Chopra,aria.chopra_4999@example.com,+49-402-563-1913,Germany,Hamburg,"{""street"": ""976 High St"", ""postal_code"": ""20095"", ""state"": ""HH""}"
cf124be5-179c-4109-8757-edb9a4f9857a,Noah,Chopra,noah.chopra_9966@example.com,,Germany,Hamburg,"{""street"": ""891 Maximilianstrasse"", ""postal_code"": ""20095"", ""state"": ""HH""}"
aa48bb64-dc84-404c-81f8-dbd45189dd39,Ethan,Fernandez,ethan.fernandez_6149@example.com,+49-357-898-2213,Germany,Berlin,"{""street"": ""32 High St"", ""postal_code"": ""10117"", ""state"": ""BE""}"
9be152e7-1fcd-4b12-bb9f-4640f2021a65,Sofia,Garcia,sofia.garcia_5629@example.com,+49-978-172-1012,Germany,Munich,"{""street"": ""454 Marktplatz"", ""postal_code"": ""80331"", ""state"": ""BY""}"
b80bd66b-af2d-4e58-ab09-c8b8e0a299b7,Leo,Amin,leo.amin_6059@example.com,+44-771-997-7157,United Kingdom,Edinburgh,"{""street"": ""796 Oxford St"", ""postal_code"": ""EH2 2DF""}"
1faa888b-c2c9-4b53-bad8-a2b43f6567b4,Ethan,Reed,ethan.reed_4478@example.com,+49-265-134-4599,Germany,Hamburg,"{""street"": ""283 King's Rd"", ""postal_code"": ""20095"", ""state"": ""HH""}"
b35e1f0e-f925-4e3e-907d-1f70a3597244,Jonah,Baker,jonah.baker_5027@example.com,+44-448-317-8246,United Kingdom,Manchester,"{""street"": ""691 Speicherstadt"", ""postal_code"": ""M2 5DB""}"
ac9f6b4e-8116-4515-9925-2a1f1e63bc0d,Amelia,Ivanov,amelia.ivanov_4292@example.com,,United Kingdom,Manchester,"{""street"": ""402 Marktplatz"", ""postal_code"": ""M2 5DB""}"
7512dd8d-2861-4d90-b83c-5f58c97ff352,Amelia,Singh,amelia.singh_8097@example.com,+44-920-552-7976,United Kingdom,Edinburgh,"{""street"": ""823 King's Rd"", ""postal_code"": ""EH2 2DF""}"
0fe70116-4b26-4878-9741-571cb8c024e1,Noah,Ivanov,noah.ivanov_8759@example.com,+44-308-393-7526,United Kingdom,Manchester,"{""street"": ""803 Piccadilly"", ""postal_code"": ""M2 5DB""}"
593e64c2-4450-42b7-a7f0-75aec401aebd,Isla,Baker,isla.baker_7435@example.com,+49-546-709-2394,Germany,Berlin,"{""street"": ""723 High St"", ""postal_code"": ""10117"", ""state"": ""BE""}"
91674d6e-d3c9-400c-9d54-c4a8ea952d60,Isla,Amin,isla.amin_2126@example.com,+49-396-533-1290,Germany,Berlin,"{""street"": ""30 Marktplatz"", ""postal_code"": ""10117"", ""state"": ""BE""}"
0e108bdf-bf76-4305-9b9a-6f78d455b287,Sofia,Chen,sofia.chen_1752@example.com,,Germany,Hamburg,"{""street"": ""450 Baker St"", ""postal_code"": ""20095"", ""state"": ""HH""}"
c6bc728e-c178-4bbc-bf1f-6e3cddbe38b7,Priya,Singh,priya.singh_2904@example.com,+49-307-417-4026,Germany,Munich,"{""street"": ""779 Leopoldstrasse"", ""postal_code"": ""80331"", ""state"": ""BY""}"
35cddfe7-7ce1-471c-a107-c97de7c6eba6,Jonah,Amin,jonah.amin_4407@example.com,+44-511-356-3593,United Kingdom,London,"{""street"": ""781 Oxford St"", ""postal_code"": ""SW1A 1AA""}"
31e27c3b-782a-41c3-8f42-28b0d77fac55,Jonah,Ramirez,jonah.ramirez_9911@example.com,+44-456-584-7408,United Kingdom,Edinburgh,"{""street"": ""141 Baker St"", ""postal_code"": ""EH2 2DF""}"
719c4c9c-a98d-4838-8ea8-f3c0683b5928,Omar,Chen,omar.chen_8219@example.com,+44-658-358-9193,United Kingdom,Manchester,"{""street"": ""269 Kurfürstendamm"", ""postal_code"": ""M2 5DB""}"
8244c77c-43a1-45fc-9284-15e76680e0a9,Luca,Chopra,luca.chopra_3119@example.com,+44-331-921-9232,United Kingdom,London,"{""street"": ""245 Princes St"", ""postal_code"": ""SW1A 1AA""}"
8af7fb29-a59f-4f20-ab14-9348e0d3464f,Nina,Amin,nina.amin_3716@example.com,+44-348-686-1005,United Kingdom,Manchester,"{""street"": ""355 Maximilianstrasse"", ""postal_code"": ""M2 5DB""}"
5debdf51-ab4c-4190-99f7-387cec055bae,Lina,Nguyen,lina.nguyen_6916@example.com,,United Kingdom,Manchester,"{""street"": ""478 Marktplatz"", ""postal_code"": ""M2 5DB""}"
d955474e-f52e-4e06-9f67-ac37956479d7,Amelia,Chen,amelia.chen_1444@example.com,+49-505-296-2876,Germany,Berlin,"{""street"": ""160 Oxford St"", ""postal_code"": ""10117"", ""state"": ""BE""}"
2d19366b-eb94-443f-9db3-c29f4985afd3,Luca,Lopez,luca.lopez_9093@example.com,+44-394-191-2827,United Kingdom,Edinburgh,"{""street"": ""341 High St"", ""postal_code"": ""EH2 2DF""}"
2713ab39-841b-45f3-8309-68e258dfdda3,Luca,Patel,luca.patel_5486@example.com,+49-653-764-5097,Germany,Munich,"{""street"": ""501 Princes St"", ""postal_code"": ""80331"", ""state"": ""BY""}"
79b0edf7-3586-4477-b40b-726119e4d6ce,Ethan,Chopra,ethan.chopra_705@example.com,+49-912-666-4793,Germany,Munich,"{""street"": ""881 Piccadilly"", ""postal_code"": ""80331"", ""state"": ""BY""}"
dbfe9603-d63d-4240-97fe-3451352ab2b2,Nina,Ivanov,nina.ivanov_6958@example.com,+44-367-718-6694,United Kingdom,Edinburgh,"{""street"": ""580 Kurfürstendamm"", ""postal_code"": ""EH2 2DF""}"
48c05191-d916-4ea6-ac6f-404d6b41f9e1,Nina,Rossi,nina.rossi_5026@example.com,,United Kingdom,Edinburgh,"{""street"": ""630 Princes St"", ""postal_code"": ""EH2 2DF""}"
43f5d2c2-045c-42c0-9cb6-7ab6c79fff98,Priya,Williams,priya.williams_751@example.com,,Germany,Munich,"{""street"": ""337 Baker St"", ""postal_code"": ""80331"", ""state"": ""BY""}"
d81164cb-8afb-4009-bf87-b88aa34fcc9c,Aiden,Rossi,aiden.rossi_5389@example.com,+49-991-805-2646,Germany,Hamburg,"{""street"": ""754 Baker St"", ""postal_code"": ""20095"", ""state"": ""HH""}"
7021b2a1-802a-4499-9cfe-816398ec21b1,Zara,Williams,zara.williams_3255@example.com,+49-241-279-2515,Germany,Berlin,"{""street"": ""496 Maximilianstrasse"", ""postal_code"": ""10117"", ""state"": ""BE""}"
b459c04e-0ce1-4264-b007-5d645faf6e8b,Kai,Rossi,kai.rossi_6218@example.com,+44-856-952-7182,United Kingdom,London,"{""street"": ""275 Marktplatz"", ""postal_code"": ""SW1A 1AA""}"
c3cb7c48-6d8a-4dff-b108-75dbbcec4419,Ethan,Chopra,ethan.chopra_1035@example.com,+49-300-104-7024,Germany,Munich,"{""street"": ""409 King's Rd"", ""postal_code"": ""80331"", ""state"": ""BY""}"
2bf65199-ebc1-4da7-b20b-53a50b6b5aa2,Noah,Murphy,noah.murphy_2036@example.com,+44-496-382-7681,United Kingdom,Manchester,"{""street"": ""926 Unter den Linden"", ""postal_code"": ""M2 5DB""}"
0b8b67f4-de66-421c-ab3f-fe32771d5477,Priya,Singh,priya.singh_444@example.com,+49-747-368-3333,Germany,Munich,"{""street"": ""262 Leopoldstrasse"", ""postal_code"": ""80331"", ""state"": ""BY""}"
e809593f-c7e6-4096-8bde-62beee1a18af,Kai,Chopra,kai.chopra_4344@example.com,+44-960-493-2515,United Kingdom,Manchester,"{""street"": ""867 Princes St"", ""postal_code"": ""M2 5DB""}"
a01de0c7-f90c-43bf-8122-5854afd43f4b,Omar,Garcia,omar.garcia_7834@example.com,+49-711-408-4959,Germany,Berlin,"{""street"": ""808 Queen St"", ""postal_code"": ""10117"", ""state"": ""BE""}"
cc4a09d9-0122-4020-afb1-63db7890a875,Ivy,Amin,ivy.amin_5818@example.com,+49-332-758-6820,Germany,Munich,"{""street"": ""804 Queen St"", ""postal_code"": ""80331"", ""state"": ""BY""}"
222f6890-4f47-4b03-a47c-7990e28ea4bb,Amelia,Chen,amelia.chen_256@example.com,+49-858-637-8506,Germany,Berlin,"{""street"": ""518 High St"", ""postal_code"": ""10117"", ""state"": ""BE""}"
5410260d-84c2-41af-901c-f7014f8d3d90,Mateo,Ivanov,mateo.ivanov_3608@example.com,,Germany,Munich,"{""street"": ""665 Leopoldstrasse"", ""postal_code"": ""80331"", ""state"": ""BY""}"
0bd811d0-c33f-4944-a0e4-b955636a377f,Priya,Rossi,priya.rossi_7499@example.com,+49-823-121-1534,Germany,Munich,"{""street"": ""318 Queen St"", ""postal_code"": ""80331"", ""state"": ""BY""}"
2367fdfc-250a-4f63-baa5-f3f2423f0728,Mateo,Garcia,mateo.garcia_9332@example.com,+44-580-877-9163,United Kingdom,Edinburgh,"{""street"": ""792 Unter den Linden"", ""postal_code"": ""EH2 2DF""}"
d20167b3-716c-4ec0-83a1-96e1796eaa84,Isla,Kim,isla.kim_2452@example.com,+49-232-906-6401,Germany,Hamburg,"{""street"": ""599 Princes St"", ""postal_code"": ""20095"", ""state"": ""HH""}"
4d8b2ac7-b2ae-4177-a516-486af6456be6,Sofia,Williams,sofia.williams_4325@example.com,,United Kingdom,Manchester,"{""street"": ""270 Fleet St"", ""postal_code"": ""M2 5DB""}"
0e9c704d-60c0-4086-9623-eb796781f65f,Aria,Williams,aria.williams_4265@example.com,+49-510-590-1001,Germany,Berlin,"{""street"": ""580 Kurfürstendamm"", ""postal_code"": ""10117"", ""state"": ""BE""}"
69ac93d1-666e-41c6-a3dc-fd5516cd6141,Maya,Garcia,maya.garcia_2833@example.com,+49-929-961-1291,Germany,Berlin,"{""street"": ""173 Royal Mile"", ""postal_code"": ""10117"", ""state"": ""BE""}"
6ff4503a-6862-44f2-b501-e86338f555ea,Maya,Fernandez,maya.fernandez_6446@example.com,+49-365-371-7136,Germany,Hamburg,"{""street"": ""811 Kurfürstendamm"", ""postal_code"": ""20095"", ""state"": ""HH""}"
911d9a3b-5ca2-4f04-b7d3-1aa5af632d21,Priya,Rossi,priya.rossi_7597@example.com,+49-953-959-8886,Germany,Berlin,"{""street"": ""654 King's Rd"", ""postal_code"": ""10117"", ""state"": ""BE""}"
55022733-35d3-4730-a9bc-3aa56f639ccf,Aiden,Fernandez,aiden.fernandez_9287@example.com,,United Kingdom,Edinburgh,"{""street"": ""641 Queen St"", ""postal_code"": ""EH2 2DF""}"
9f7a3ebb-fe75-4cdd-a1ff-0a4880bc1549,Aria,Rossi,aria.rossi_9626@example.com,,United Kingdom,Manchester,"{""street"": ""990 Speicherstadt"", ""postal_code"": ""M2 5DB""}"
9df63e94-d5ea-4cc4-9456-600ca1c653b5,Nina,Reed,nina.reed_6501@example.com,+49-991-533-9715,Germany,Munich,"{""street"": ""333 King's Rd"", ""postal_code"": ""80331"", ""state"": ""BY""}"
6e149cef-c3ce-43a4-bf38-5579c324c99f,Lina,Amin,lina.amin_3668@example.com,+49-977-353-7335,Germany,Munich,"{""street"": ""170 Royal Mile"", ""postal_code"": ""80331"", ""state"": ""BY""}"
c11076d3-4099-48b4-965d-b98fddf43263,Leo,Garcia,leo.garcia_5590@example.com,,United Kingdom,Edinburgh,"{""street"": ""70 Queen St"", ""postal_code"": ""EH2 2DF""}"
dab51787-fc08-4d21-8c5f-75ebd61aedb1,Omar,Patel,omar.patel_3528@example.com,+49-468-548-6558,Germany,Berlin,"{""street"": ""527 High St"", ""postal_code"": ""10117"", ""state"": ""BE""}"
46c85851-95a0-4b0a-9e85-379722a41198,Kai,Williams,kai.williams_9773@example.com,+49-644-426-5538,Germany,Munich,"{""street"": ""764 Kurfürstendamm"", ""postal_code"": ""80331"", ""state"": ""BY""}"
976a6337-eb78-4c2b-847b-1ab2596d042e,Priya,Khan,priya.khan_9318@example.com,+44-339-595-8274,United Kingdom,Manchester,"{""street"": ""485 Kurfürstendamm"", ""postal_code"": ""M2 5DB""}"
13094d82-aae1-4cbe-9644-16015465d9a6,Nina,Khan,nina.khan_9781@example.com,+44-748-557-8601,United Kingdom,London,"{""street"": ""807 Marktplatz"", ""postal_code"": ""SW1A 1AA""}"
c9eeb468-332e-4333-bea7-2be0dde43484,Mateo,Davis,mateo.davis_3159@example.com,,United Kingdom,London,"{""street"": ""511 High St"", ""postal_code"": ""SW1A 1AA""}"
c57e90c9-5146-4e3a-bdf3-a9e18e622634,Leo,Fernandez,leo.fernandez_981@example.com,+44-329-998-2994,United Kingdom,London,"{""street"": ""965 Leopoldstrasse"", ""postal_code"": ""SW1A 1AA""}"
dddcf536-525d-43c9-a4c0-706c9254aae0,Amelia,Reed,amelia.reed_2070@example.com,+44-393-237-4615,United Kingdom,Manchester,"{""street"": ""799 Oxford St"", ""postal_code"": ""M2 5DB""}"
98709b87-1c1b-4467-9a57-7ba7b2205518,Ethan,Ramirez,ethan.ramirez_712@example.com,+49-239-297-4599,Germany,Berlin,"{""street"": ""972 Piccadilly"", ""postal_code"": ""10117"", ""state"": ""BE""}"
83e697fe-e64b-4165-9853-d2f2db566428,Nina,Nguyen,nina.nguyen_3014@example.com,+49-687-460-7008,Germany,Munich,"{""street"": ""365 King's Rd"", ""postal_code"": ""80331"", ""state"": ""BY""}"
afad5c5e-d247-45ee-a164-066bbd182a14,Luca,Nguyen,luca.nguyen_7404@example.com,,Germany,Munich,"{""street"": ""605 Queen St"", ""postal_code"": ""80331"", ""state"": ""BY""}"
f8be67cc-8e06-4e95-ba7a-2736fda41141,Aria,Singh,aria.singh_6043@example.com,+49-924-792-8714,Germany,Munich,"{""street"": ""352 Baker St"", ""postal_code"": ""80331"", ""state"": ""BY""}"
d9738714-756f-49ab-b92a-2d3556dbf3f4,Omar,Khan,omar.khan_239@example.com,+44-461-648-2477,United Kingdom,Edinburgh,"{""street"": ""349 Marktplatz"", ""postal_code"": ""EH2 2DF""}"
b8c10317-072f-4a6e-9316-d9d5a3f0e2ac,Leo,Kim,leo.kim_58@example.com,,Germany,Berlin,"{""street"": ""377 Princes St"", ""postal_code"": ""10117"", ""state"": ""BE""}"
31278168-aff6-4b02-9cf3-88b4d4dffbf2,Zara,Baker,zara.baker_5242@example.com,+44-471-499-3741,United Kingdom,Manchester,"{""street"": ""627 Royal Mile"", ""postal_code"": ""M2 5DB""}"
91bcd42e-da32-4729-8607-f3270a1d0b48,Luca,Rossi,luca.rossi_1291@example.com,,United Kingdom,Edinburgh,"{""street"": ""503 Regent St"", ""postal_code"": ""EH2 2DF""}"
df8929ff-18aa-4aab-bb93-5db6c5152107,Sofia,Reed,sofia.reed_5638@example.com,+49-528-326-5023,Germany,Berlin,"{""street"": ""65 Unter den Linden"", ""postal_code"": ""10117"", ""state"": ""BE""}"
5c7bcacf-38ca-480a-ac2a-c9dc2e179975,Maya,Rossi,maya.rossi_6498@example.com,,United Kingdom,Manchester,"{""street"": ""676 High St"", ""postal_code"": ""M2 5DB""}"
e1492b5d-61c7-46b4-84bf-afd9d7af64f4,Zara,Chen,zara.chen_6178@example.com,+49-952-912-3929,Germany,Hamburg,"{""street"": ""183 High St"", ""postal_code"": ""20095"", ""state"": ""HH""}"
2b7b5232-db8b-4bd8-8287-e6efd11425ed,Mateo,Chopra,mateo.chopra_540@example.com,+44-562-580-3375,United Kingdom,Edinburgh,"{""street"": ""71 Unter den Linden"", ""postal_code"": ""EH2 2DF""}"
1ab71c26-11e7-47ea-b0be-91b828c46d70,Ethan,Murphy,ethan.murphy_4242@example.com,+49-444-163-5069,Germany,Hamburg,"{""street"": ""269 Leopoldstrasse"", ""postal_code"": ""20095"", ""state"": ""HH""}"
efe56aae-3700-4b94-99d9-c53bad2366b7,Ravi,Amin,ravi.amin_9173@example.com,,Germany,Berlin,"{""street"": ""662 Piccadilly"", ""postal_code"": ""10117"", ""state"": ""BE""}"
a36a73b1-f45e-446a-8c2a-a4f4b12115d8,Omar,Patel,omar.patel_5896@example.com,,Germany,Hamburg,"{""street"": ""640 Royal Mile"", ""postal_code"": ""20095"", ""state"": ""HH""}"
6ef7d30c-357a-4548-9a4f-4707bfedd06c,Leo,Alvarez,leo.alvarez_7433@example.com,+49-401-557-4714,Germany,Munich,"{""street"": ""920 Baker St"", ""postal_code"": ""80331"", ""state"": ""BY""}"
ae5ff445-1707-4056-af74-99b12981958b,Mateo,Chen,mateo.chen_5571@example.com,+44-954-310-2645,United Kingdom,Manchester,"{""street"": ""576 Queen St"", ""postal_code"": ""M2 5DB""}"
ae1b0bf9-94e1-4d3d-93db-f2955f9a4ab9,Mateo,Chen,mateo.chen_4458@example.com,+49-647-115-2158,Germany,Munich,"{""street"": ""99 Kurfürstendamm"", ""postal_code"": ""80331"", ""state"": ""BY""}"
c148d6e2-5255-4879-9fd4-caf09741fc25,Noah,Amin,noah.amin_2021@example.com,,Germany,Berlin,"{""street"": ""90 High St"", ""postal_code"": ""10117"", ""state"": ""BE""}"
1497fd42-2073-45b1-b5d0-517506d25209,Maya,Kim,maya.kim_6139@example.com,,United Kingdom,Edinburgh,"{""street"": ""404 Queen St"", ""postal_code"": ""EH2 2DF""}"
d490648f-a1ff-483f-997c-285b5534e1f4,Aiden,Khan,aiden.khan_3211@example.com,+44-528-178-6807,United Kingdom,London,"{""street"": ""188 Baker St"", ""postal_code"": ""SW1A 1AA""}"
04c62f87-f118-4e98-8093-cd466fbef842,Luca,Ivanov,luca.ivanov_700@example.com,+44-887-305-1729,United Kingdom,Edinburgh,"{""street"": ""537 King's Rd"", ""postal_code"": ""EH2 2DF""}"
4bce6536-f74c-4c72-8cea-daf556ef6d3b,Noah,Ivanov,noah.ivanov_7655@example.com,,United Kingdom,Edinburgh,"{""street"": ""890 Leopoldstrasse"", ""postal_code"": ""EH2 2DF""}"
1f2fabfc-75c2-4a47-9dbb-5aba843c00d6,Sofia,Reed,sofia.reed_553@example.com,,United Kingdom,Edinburgh,"{""street"": ""832 Marktplatz"", ""postal_code"": ""EH2 2DF""}"
9b04c1a9-fc2f-4d68-beb3-3ea54c2aa241,Sofia,Chopra,sofia.chopra_2806@example.com,+49-279-702-5338,Germany,Munich,"{""street"": ""92 Royal Mile"", ""postal_code"": ""80331"", ""state"": ""BY""}"
560011f3-d2c4-4da0-b79a-39e7915faf29,Nina,Rossi,nina.rossi_296@example.com,+49-651-794-8434,Germany,Munich,"{""street"": ""644 Oxford St"", ""postal_code"": ""80331"", ""state"": ""BY""}"
6e1858cd-c17a-418d-965c-250664d4a37b,Isla,Baker,isla.baker_8504@example.com,+44-773-889-8613,United Kingdom,Edinburgh,"{""street"": ""560 Princes St"", ""postal_code"": ""EH2 2DF""}"
aa41f668-00cd-427a-b4e8-2bd3ffe8e8fb,Noah,Alvarez,noah.alvarez_9960@example.com,+44-338-169-2140,United Kingdom,London,"{""street"": ""185 Royal Mile"", ""postal_code"": ""SW1A 1AA""}"
b59ad3e7-e88d-41c1-8916-98aeb8576485,Priya,Alvarez,priya.alvarez_9594@example.com,+44-875-398-1268,United Kingdom,Manchester,"{""street"": ""298 Maximilianstrasse"", ""postal_code"": ""M2 5DB""}"
224e531d-b439-4c08-a7c6-9d3cc34bf633,Ethan,Ivanov,ethan.ivanov_857@example.com,,Germany,Munich,"{""street"": ""212 Oxford St"", ""postal_code"": ""80331"", ""state"": ""BY""}"
00a0685c-9be8-432b-9a49-fde70f3403d0,Priya,Chopra,priya.chopra_7903@example.com,+49-674-272-6625,Germany,Hamburg,"{""street"": ""391 Royal Mile"", ""postal_code"": ""20095"", ""state"": ""HH""}"
0b7f2df2-2117-4801-a225-35f6d2063cec,Maya,Baker,maya.baker_3638@example.com,+49-807-204-8904,Germany,Munich,"{""street"": ""724 Unter den Linden"", ""postal_code"": ""80331"", ""state"": ""BY""}"
c68fc834-e7e1-4226-8e18-f17751ae8f2a,Maya,Baker,maya.baker_7527@example.com,+44-377-320-5984,United Kingdom,London,"{""street"": ""779 High St"", ""postal_code"": ""SW1A 1AA""}"
2ac7b7af-46d7-488a-bfbf-24cfa37b5274,Ivy,Baker,ivy.baker_289@example.com,+44-214-889-7207,United Kingdom,Manchester,"{""street"": ""781 Unter den Linden"", ""postal_code"": ""M2 5DB""}"
363eae98-524f-491d-80f9-99f78e4b7a06,Kai,Baker,kai.baker_9200@example.com,,United Kingdom,Manchester,"{""street"": ""408 Kurfürstendamm"", ""postal_code"": ""M2 5DB""}"
5f1c5e64-4d65-48dc-8592-09c70677f71e,Ethan,Chen,ethan.chen_2558@example.com,+44-724-205-8894,United Kingdom,Manchester,"{""street"": ""117 Leopoldstrasse"", ""postal_code"": ""M2 5DB""}"
8fb4214b-ac04-426a-baf5-791f46134ec6,Nina,Patel,nina.patel_9572@example.com,+49-959-598-1048,Germany,Hamburg,"{""street"": ""637 Regent St"", ""postal_code"": ""20095"", ""state"": ""HH""}"
5f0b1682-ed36-4ba5-8791-19dd96cc0090,Isla,Murphy,isla.murphy_9775@example.com,+44-553-431-2684,United Kingdom,London,"{""street"": ""716 High St"", ""postal_code"": ""SW1A 1AA""}"
33a30f56-7aa9-4a72-bb90-c67bde54dcbd,Jonah,Lopez,jonah.lopez_3999@example.com,+44-776-313-4748,United Kingdom,Edinburgh,"{""street"": ""589 Fleet St"", ""postal_code"": ""EH2 2DF""}"
cdaf6694-1387-409d-8c80-98fcd6927436,Luca,Chen,luca.chen_6272@example.com,+49-673-958-5183,Germany,Berlin,"{""street"": ""946 Queen St"", ""postal_code"": ""10117"", ""state"": ""BE""}"
61beef21-06d8-4a05-91c1-339eca38f156,Sofia,Murphy,sofia.murphy_1421@example.com,,Germany,Munich,"{""street"": ""198 Leopoldstrasse"", ""postal_code"": ""80331"", ""state"": ""BY""}"
f2d0e5d7-e8e4-42e9-869e-9ba80aaabcc5,Ravi,Chopra,ravi.chopra_3430@example.com,+44-505-929-2742,United Kingdom,Edinburgh,"{""street"": ""95 Regent St"", ""postal_code"": ""EH2 2DF""}"
b0f88fbf-83b3-4dfc-a2ff-fa6550be743e,Omar,Chopra,omar.chopra_3802@example.com,+49-279-170-7543,Germany,Hamburg,"{""street"": ""262 Baker St"", ""postal_code"": ""20095"", ""state"": ""HH""}"
be36e4cc-450d-4763-aecb-99857f64c369,Sofia,Rossi,sofia.rossi_5411@example.com,+44-803-718-6343,United Kingdom,London,"{""street"": ""759 Kurfürstendamm"", ""postal_code"": ""SW1A 1AA""}"
6487824f-1b67-4e0e-a072-41ee8c136e8a,Priya,Garcia,priya.garcia_2323@example.com,+44-693-358-7123,United Kingdom,London,"{""street"": ""721 Maximilianstrasse"", ""postal_code"": ""SW1A 1AA""}"
5bf23618-a99a-41a4-9626-23af472cae02,Lina,Ivanov,lina.ivanov_8436@example.com,,Germany,Hamburg,"{""street"": ""512 High St"", ""postal_code"": ""20095"", ""state"": ""HH""}"
cdda1b5c-2437-42f8-b281-9ac4e323d452,Leo,Rossi,leo.rossi_936@example.com,+44-295-552-7723,United Kingdom,London,"{""street"": ""501 High St"", ""postal_code"": ""SW1A 1AA""}"
914b48a5-b30f-4ed5-aaf5-cf8ee6d64088,Noah,Amin,noah.amin_4066@example.com,+49-597-275-3301,Germany,Munich,"{""street"": ""674 Royal Mile"", ""postal_code"": ""80331"", ""state"": ""BY""}"
e6a481a5-5c90-4cac-9883-84e01be24d38,Aria,Kim,aria.kim_1042@example.com,+49-786-748-8852,Germany,Hamburg,"{""street"": ""42 Piccadilly"", ""postal_code"": ""20095"", ""state"": ""HH""}"
19541c0d-888c-4d8b-a334-9cd62856cb6c,Kai,Patel,kai.patel_2198@example.com,,United Kingdom,London,"{""street"": ""332 King's Rd"", ""postal_code"": ""SW1A 1AA""}"
90b2d3ad-beba-4c1a-adaf-745ae3828ac8,Maya,Kim,maya.kim_2001@example.com,+49-502-570-7051,Germany,Munich,"{""street"": ""649 Maximilianstrasse"", ""postal_code"": ""80331"", ""state"": ""BY""}"
93344c21-bce9-4123-93b1-09b128aed6cd,Aiden,Nguyen,aiden.nguyen_1209@example.com,+44-796-625-1723,United Kingdom,Edinburgh,"{""street"": ""545 King's Rd"", ""postal_code"": ""EH2 2DF""}"
72925cf9-b422-468c-9938-6ab05b095d5b,Luca,Davis,luca.davis_593@example.com,+44-955-146-8743,United Kingdom,Manchester,"{""street"": ""200 Kurfürstendamm"", ""postal_code"": ""M2 5DB""}"
646773ff-3973-4707-9a25-0a56fdecab5b,Aria,Fernandez,aria.fernandez_598@example.com,,Germany,Hamburg,"{""street"": ""285 Fleet St"", ""postal_code"": ""20095"", ""state"": ""HH""}"
836f6145-ebe9-4d73-bba1-9d65411780be,Isla,Murphy,isla.murphy_6495@example.com,,United Kingdom,Manchester,"{""street"": ""622 Regent St"", ""postal_code"": ""M2 5DB""}"
3afa1894-c414-42b7-b478-5c669197e150,Nina,Chopra,nina.chopra_3550@example.com,,United Kingdom,London,"{""street"": ""808 Fleet St"", ""postal_code"": ""SW1A 1AA""}"
8ffa7a73-7693-4a1c-acdb-fbdb75630515,Jonah,Khan,jonah.khan_8194@example.com,,Germany,Hamburg,"{""street"": ""739 Unter den Linden"", ""postal_code"": ""20095"", ""state"": ""HH""}"
830587c2-adf5-4e1d-a3bf-f120e17b7094,Nina,Chopra,nina.chopra_6430@example.com,+49-431-360-3234,Germany,Berlin,"{""street"": ""665 Unter den Linden"", ""postal_code"": ""10117"", ""state"": ""BE""}"
22741191-467f-4289-9f47-904bc98108fb,Maya,Baker,maya.baker_5690@example.com,+49-403-491-8251,Germany,Berlin,"{""street"": ""590 Baker St"", ""postal_code"": ""10117"", ""state"": ""BE""}"
465585d5-4147-4222-b47b-bcf34bb82d0c,Nina,Khan,nina.khan_864@example.com,+49-432-761-3096,Germany,Berlin,"{""street"": ""336 High St"", ""postal_code"": ""10117"", ""state"": ""BE""}"
9b7618d4-00be-4bf3-a2a2-f1f3e8af3c6e,Priya,Williams,priya.williams_8403@example.com,,Germany,Berlin,"{""street"": ""543 Leopoldstrasse"", ""postal_code"": ""10117"", ""state"": ""BE""}"
8e6a3684-d768-4426-a451-13ed28a02fd7,Ethan,Garcia,ethan.garcia_1102@example.com,+44-927-268-3314,United Kingdom,London,"{""street"": ""790 Marktplatz"", ""postal_code"": ""SW1A 1AA""}"
d992432d-8f31-42d8-8923-da6176c52b6d,Kai,Kim,kai.kim_6570@example.com,,Germany,Berlin,"{""street"": ""714 Baker St"", ""postal_code"": ""10117"", ""state"": ""BE""}"
2fc330bf-4557-406d-9275-1bb076167c1b,Priya,Amin,priya.amin_4011@example.com,+49-493-199-9715,Germany,Hamburg,"{""street"": ""96 Leopoldstrasse"", ""postal_code"": ""20095"", ""state"": ""HH""}"
5ae9dae5-b127-4829-b4f3-6666c4160e41,Jonah,Singh,jonah.singh_8270@example.com,,United Kingdom,Manchester,"{""street"": ""904 Speicherstadt"", ""postal_code"": ""M2 5DB""}"
8d5a729c-3e49-43d3-b7f0-c8d138494e9c,Priya,Chopra,priya.chopra_5920@example.com,+49-533-621-5242,Germany,Munich,"{""street"": ""914 Leopoldstrasse"", ""postal_code"": ""80331"", ""state"": ""BY""}"
d7e1be64-f666-464e-b27c-f43796a29814,Sofia,Murphy,sofia.murphy_8040@example.com,+49-552-757-9884,Germany,Berlin,"{""street"": ""609 Oxford St"", ""postal_code"": ""10117"", ""state"": ""BE""}"
0b6d9ac9-345a-4c57-a524-2349a8c90146,Jonah,Ivanov,jonah.ivanov_235@example.com,,United Kingdom,London,"{""street"": ""50 Regent St"", ""postal_code"": ""SW1A 1AA""}"
76dc04f0-fd3f-4749-84d1-4055d1fd3e0a,Ethan,Alvarez,ethan.alvarez_7334@example.com,+49-803-752-7285,Germany,Munich,"{""street"": ""730 Speicherstadt"", ""postal_code"": ""80331"", ""state"": ""BY""}"
524adc3b-8637-4c0e-9be5-e20b3e9c6b05,Sofia,Khan,sofia.khan_9898@example.com,+49-659-988-3010,Germany,Munich,"{""street"": ""10 Queen St"", ""postal_code"": ""80331"", ""state"": ""BY""}"
df6a728a-1638-4bd4-8479-11762d6f940f,Aria,Baker,aria.baker_3934@example.com,+49-942-192-3112,Germany,Hamburg,"{""street"": ""605 Queen St"", ""postal_code"": ""20095"", ""state"": ""HH""}"
451c59f8-91a9-444f-86d6-be247eaf5853,Zara,Murphy,zara.murphy_5559@example.com,+49-399-285-4726,Germany,Berlin,"{""street"": ""739 Leopoldstrasse"", ""postal_code"": ""10117"", ""state"": ""BE""}"
2a858b86-4618-4e3f-ab88-f3e51fa51c9e,Sofia,Ramirez,sofia.ramirez_9573@example.com,,Germany,Munich,"{""street"": ""833 High St"", ""postal_code"": ""80331"", ""state"": ""BY""}"
f4c516b1-35e4-420f-b86d-e606695e74e7,Amelia,Williams,amelia.williams_7332@example.com,+49-579-297-9788,Germany,Hamburg,"{""street"": ""239 Leopoldstrasse"", ""postal_code"": ""20095"", ""state"": ""HH""}"
7520d856-d478-4902-9866-afe8f2a731ad,Isla,Baker,isla.baker_3831@example.com,+49-309-444-1883,Germany,Munich,"{""street"": ""11 Regent St"", ""postal_code"": ""80331"", ""state"": ""BY""}"
609317e7-5dca-496e-9e0c-f8fd974376f8,Ravi,Ivanov,ravi.ivanov_788@example.com,+49-878-507-3986,Germany,Berlin,"{""street"": ""239 Regent St"", ""postal_code"": ""10117"", ""state"": ""BE""}"
7791a035-c15d-443b-b4ab-1b8a3e295056,Noah,Kim,noah.kim_7235@example.com,+44-617-228-5192,United Kingdom,Manchester,"{""street"": ""422 Piccadilly"", ""postal_code"": ""M2 5DB""}"
5b423267-0050-4cbd-8f5e-5310f3407942,Luca,Patel,luca.patel_7486@example.com,+44-467-457-9039,United Kingdom,London,"{""street"": ""883 Royal Mile"", ""postal_code"": ""SW1A 1AA""}"
9b3f1258-b76f-4efe-be41-667909125a7d,Omar,Rossi,omar.rossi_2280@example.com,+44-792-847-7850,United Kingdom,Edinburgh,"{""street"": ""898 Oxford St"", ""postal_code"": ""EH2 2DF""}"
5aef331a-d9d6-4dfa-9ba6-1029d769c2c4,Nina,Singh,nina.singh_4924@example.com,+44-566-307-5262,United Kingdom,London,"{""street"": ""188 Baker St"", ""postal_code"": ""SW1A 1AA""}"
66c6c5c6-a1b2-42f6-931f-191a4bd36c1d,Luca,Ramirez,luca.ramirez_4846@example.com,+49-889-698-4171,Germany,Berlin,"{""street"": ""794 Speicherstadt"", ""postal_code"": ""10117"", ""state"": ""BE""}"
92253789-09d8-456e-9dfa-abfc17628c29,Aria,Lopez,aria.lopez_6403@example.com,,Germany,Berlin,"{""street"": ""482 Speicherstadt"", ""postal_code"": ""10117"", ""state"": ""BE""}"
85c2b100-dd17-4dd5-8b67-52a760b607a8,Mateo,Nguyen,mateo.nguyen_9212@example.com,+49-756-801-4564,Germany,Munich,"{""street"": ""45 Marktplatz"", ""postal_code"": ""80331"", ""state"": ""BY""}"
f5ba2319-0c66-4aca-99d2-466417539eb6,Zara,Khan,zara.khan_8560@example.com,+49-514-347-5245,Germany,Berlin,"{""street"": ""729 King's Rd"", ""postal_code"": ""10117"", ""state"": ""BE""}"
308e4eb8-774f-4e2c-8337-b865f99f4576,Aria,Reed,aria.reed_1599@example.com,,United Kingdom,Manchester,"{""street"": ""186 Piccadilly"", ""postal_code"": ""M2 5DB""}"
0a2e8be6-4fb6-4a07-b61c-ac2fe6aa98e0,Sofia,Nguyen,sofia.nguyen_2386@example.com,+44-719-320-6649,United Kingdom,Manchester,"{""street"": ""163 Baker St"", ""postal_code"": ""M2 5DB""}"
ea706847-5b1a-4296-8e1d-4156d9c4e114,Amelia,Kim,amelia.kim_5552@example.com,+49-266-298-9698,Germany,Munich,"{""street"": ""382 Baker St"", ""postal_code"": ""80331"", ""state"": ""BY""}"
0166a7a3-a682-409b-a606-2a69a08983c4,Sofia,Fernandez,sofia.fernandez_4734@example.com,+44-744-188-7608,United Kingdom,London,"{""street"": ""669 Marktplatz"", ""postal_code"": ""SW1A 1AA""}"
